video_path,quality_score,machine_type,score,status,assessment,folder,file_id
raw_data/vivids60-VIVIDS60-221208-11/1.2.840.113654.2.70.1.181254132152181720142082398432717551786,1,vivids60,0.9989868998527527,PASS,Excellent quality,vivids60-VIVIDS60-221208-11,1.2.840.113654.2.70.1.181254132152181720142082398432717551786
raw_data/vivids70-VIVIDS70-214107-6/1.2.840.113654.2.70.1.266550435170455380931714769820220245740,1,vivids70,0.9997579455375671,PASS,Excellent quality,vivids70-VIVIDS70-214107-6,1.2.840.113654.2.70.1.266550435170455380931714769820220245740
raw_data/epiq7-Epiq7-1-3/1.2.840.113654.2.70.1.105902336825533511123289175371303500269,1,epiq7,0.9788247346878052,PASS,Excellent quality,epiq7-Epiq7-1-3,1.2.840.113654.2.70.1.105902336825533511123289175371303500269
raw_data/epiq7-Epiq7-2-13/1.2.840.113654.2.70.1.13209511901770560595463069461263251121,1,epiq7,1.0,PASS,Excellent quality,epiq7-Epiq7-2-13,1.2.840.113654.2.70.1.13209511901770560595463069461263251121
raw_data/epiq7-Epiq7-1-3/1.2.840.113654.2.70.1.109063543681960017863014147750083048465,1,epiq7,0.9788247346878052,PASS,Excellent quality,epiq7-Epiq7-1-3,1.2.840.113654.2.70.1.109063543681960017863014147750083048465
raw_data/vivide95-VIVIDE95-022578-7/1.2.840.113654.2.70.1.134170333286851857905466266529506360405,1,vivide95,0.9989868998527527,PASS,Excellent quality,vivide95-VIVIDE95-022578-7,1.2.840.113654.2.70.1.134170333286851857905466266529506360405
raw_data/vivide95-VIVIDE95-022578-8/1.2.840.113654.2.70.1.287112362456363840257173345397389179291,1,vivide95,0.9999998807907104,PASS,Excellent quality,vivide95-VIVIDE95-022578-8,1.2.840.113654.2.70.1.287112362456363840257173345397389179291
raw_data/epiq7-Epiq7-2-15/1.2.840.113654.2.70.1.153535968164826202158695562079515766442,1,epiq7,0.9989868998527527,PASS,Excellent quality,epiq7-Epiq7-2-15,1.2.840.113654.2.70.1.153535968164826202158695562079515766442
raw_data/vivide95-VIVIDE95-022578-1/1.2.840.113654.2.70.1.169376883015303729325319899114147300567,1,vivide95,0.9990857839584351,PASS,Excellent quality,vivide95-VIVIDE95-022578-1,1.2.840.113654.2.70.1.169376883015303729325319899114147300567
raw_data/epiq7-Epiq7-2-14/1.2.840.113654.2.70.1.307232295029902604523417473554541015095,1,epiq7,0.9999986886978149,PASS,Excellent quality,epiq7-Epiq7-2-14,1.2.840.113654.2.70.1.307232295029902604523417473554541015095
raw_data/vivide95-VIVIDE95-022578-7/1.2.840.113654.2.70.1.74173714295806287477549006061709529761,1,vivide95,0.9999817609786987,PASS,Excellent quality,vivide95-VIVIDE95-022578-7,1.2.840.113654.2.70.1.74173714295806287477549006061709529761
raw_data/affiniti70g-Affiniti_70G-15/1.2.840.113654.2.70.1.51222331112674540919869944572809690974,1,affiniti70g,0.9999865293502808,PASS,Excellent quality,affiniti70g-Affiniti_70G-15,1.2.840.113654.2.70.1.51222331112674540919869944572809690974
raw_data/epiq7-Epiq7-1-1/1.2.840.113654.2.70.1.314016459254035053753276542474676501102,1,epiq7,0.9712864756584167,PASS,Excellent quality,epiq7-Epiq7-1-1,1.2.840.113654.2.70.1.314016459254035053753276542474676501102
raw_data/affiniti70g-Affiniti_70G-5/1.2.840.113654.2.70.1.48817902290454136545174127958248223311,1,affiniti70g,0.9989868998527527,PASS,Excellent quality,affiniti70g-Affiniti_70G-5,1.2.840.113654.2.70.1.48817902290454136545174127958248223311
raw_data/vivids60-VIVIDS60-221208-13/1.2.840.113654.2.70.1.88553177147557580363262029915228600711,1,vivids60,1.0,PASS,Excellent quality,vivids60-VIVIDS60-221208-13,1.2.840.113654.2.70.1.88553177147557580363262029915228600711
raw_data/epiq7-Epiq7-1-3/1.2.840.113654.2.70.1.165621114386785881158169422439523485927,1,epiq7,0.9788247346878052,PASS,Excellent quality,epiq7-Epiq7-1-3,1.2.840.113654.2.70.1.165621114386785881158169422439523485927
raw_data/vivids70-VIVIDS70-214107-15/1.2.840.113654.2.70.1.246321557484207001788010463411379449014,1,vivids70,0.9845967888832092,PASS,Excellent quality,vivids70-VIVIDS70-214107-15,1.2.840.113654.2.70.1.246321557484207001788010463411379449014
raw_data/vivids70-VIVIDS70-214107-17/1.2.840.113654.2.70.1.106786847226894030395086186233128348196,1,vivids70,0.9999997615814209,PASS,Excellent quality,vivids70-VIVIDS70-214107-17,1.2.840.113654.2.70.1.106786847226894030395086186233128348196
raw_data/affiniti70g-Affiniti_70G-9/1.2.840.113654.2.70.1.241899886786401721335536431497755984854,1,affiniti70g,0.9999997615814209,PASS,Excellent quality,affiniti70g-Affiniti_70G-9,1.2.840.113654.2.70.1.241899886786401721335536431497755984854
raw_data/affiniti70g-Affiniti_70G-17/1.2.840.113654.2.70.1.275800281045762859266217265154702115887,1,affiniti70g,1.0,PASS,Excellent quality,affiniti70g-Affiniti_70G-17,1.2.840.113654.2.70.1.275800281045762859266217265154702115887
raw_data/vivide95-VIVIDE95-022578-16/1.2.840.113654.2.70.1.139081370380541441268062444459876027681,1,vivide95,0.9999998807907104,PASS,Excellent quality,vivide95-VIVIDE95-022578-16,1.2.840.113654.2.70.1.139081370380541441268062444459876027681
raw_data/epiq7-Epiq7-1-7/1.2.840.113654.2.70.1.283756071575924051528744701349113293017,1,epiq7,0.9999828338623047,PASS,Excellent quality,epiq7-Epiq7-1-7,1.2.840.113654.2.70.1.283756071575924051528744701349113293017
raw_data/affiniti70g-Affiniti_70G-3/1.2.840.113654.2.70.1.111080198525366143062497426155881542110,1,affiniti70g,0.9999998807907104,PASS,Excellent quality,affiniti70g-Affiniti_70G-3,1.2.840.113654.2.70.1.111080198525366143062497426155881542110
raw_data/affiniti70g-Affiniti_70G-10/1.2.840.113654.2.70.1.66815529642877921536232582825771278866,1,affiniti70g,0.9999768733978271,PASS,Excellent quality,affiniti70g-Affiniti_70G-10,1.2.840.113654.2.70.1.66815529642877921536232582825771278866
raw_data/vivide95-VIVIDE95-022578-15/1.2.840.113654.2.70.1.127802395565361082120347383504819887132,1,vivide95,0.9999997615814209,PASS,Excellent quality,vivide95-VIVIDE95-022578-15,1.2.840.113654.2.70.1.127802395565361082120347383504819887132
raw_data/vivide95-VIVIDE95-022578-3/1.2.840.113654.2.70.1.312855730930573174558493057776966069136,1,vivide95,0.9998685121536255,PASS,Excellent quality,vivide95-VIVIDE95-022578-3,1.2.840.113654.2.70.1.312855730930573174558493057776966069136
raw_data/vivide95-VIVIDE95-022578-9/1.2.840.113654.2.70.1.214967819034102621547486062883957668164,1,vivide95,0.9989868998527527,PASS,Excellent quality,vivide95-VIVIDE95-022578-9,1.2.840.113654.2.70.1.214967819034102621547486062883957668164
raw_data/vivide95-VIVIDE95-022578-7/1.2.840.113654.2.70.1.197315948760552053308655987397687837516,1,vivide95,0.9989868998527527,PASS,Excellent quality,vivide95-VIVIDE95-022578-7,1.2.840.113654.2.70.1.197315948760552053308655987397687837516
raw_data/affiniti70g-Affiniti_70G-15/1.2.840.113654.2.70.1.121711686891995670596020429189337721084,1,affiniti70g,1.0,PASS,Excellent quality,affiniti70g-Affiniti_70G-15,1.2.840.113654.2.70.1.121711686891995670596020429189337721084
raw_data/epiq7-Epiq7-2-9/1.2.840.113654.2.70.1.62408283449060241703825383404541533883,1,epiq7,0.9989868998527527,PASS,Excellent quality,epiq7-Epiq7-2-9,1.2.840.113654.2.70.1.62408283449060241703825383404541533883
raw_data/vivide95-VIVIDE95-022578-10/1.2.840.113654.2.70.1.263481178269748258715328478773669184356,1,vivide95,0.9989868998527527,PASS,Excellent quality,vivide95-VIVIDE95-022578-10,1.2.840.113654.2.70.1.263481178269748258715328478773669184356
raw_data/vivide95-VIVIDE95-022578-17/1.2.840.113654.2.70.1.321124491232557221378864247603475667450,1,vivide95,0.9999998807907104,PASS,Excellent quality,vivide95-VIVIDE95-022578-17,1.2.840.113654.2.70.1.321124491232557221378864247603475667450
raw_data/epiq7-Epiq7-2-12/1.2.840.113654.2.70.1.76981570546039729320282499586485510819,1,epiq7,0.9999887943267822,PASS,Excellent quality,epiq7-Epiq7-2-12,1.2.840.113654.2.70.1.76981570546039729320282499586485510819
raw_data/affiniti70g-Affiniti_70G-8/1.2.840.113654.2.70.1.79133891765589287513953464789487856495,1,affiniti70g,0.9999964237213135,PASS,Excellent quality,affiniti70g-Affiniti_70G-8,1.2.840.113654.2.70.1.79133891765589287513953464789487856495
raw_data/vivids70-VIVIDS70-214107-12/1.2.840.113654.2.70.1.306112627529814238362007611227146533977,1,vivids70,0.9997227787971497,PASS,Excellent quality,vivids70-VIVIDS70-214107-12,1.2.840.113654.2.70.1.306112627529814238362007611227146533977
raw_data/epiq7-Epiq7-1-3/1.2.840.113654.2.70.1.57917907745813649653390051865863750235,1,epiq7,0.9788247346878052,PASS,Excellent quality,epiq7-Epiq7-1-3,1.2.840.113654.2.70.1.57917907745813649653390051865863750235
raw_data/epiq7-Epiq7-1-3/1.2.840.113654.2.70.1.133786570878569224613395057249559313173,1,epiq7,0.9788247346878052,PASS,Excellent quality,epiq7-Epiq7-1-3,1.2.840.113654.2.70.1.133786570878569224613395057249559313173
raw_data/epiq7-Epiq7-2-11/1.2.840.113654.2.70.1.158369981966804589948922248428199366242,1,epiq7,0.9999992847442627,PASS,Excellent quality,epiq7-Epiq7-2-11,1.2.840.113654.2.70.1.158369981966804589948922248428199366242
raw_data/vivide95-VIVIDE95-022578-9/1.2.840.113654.2.70.1.294135048667794261027009098352380661327,1,vivide95,0.9989868998527527,PASS,Excellent quality,vivide95-VIVIDE95-022578-9,1.2.840.113654.2.70.1.294135048667794261027009098352380661327
raw_data/vivids70-VIVIDS70-214107-11/1.2.840.113654.2.70.1.35575538046037086089323418506957236794,1,vivids70,0.9999167919158936,PASS,Excellent quality,vivids70-VIVIDS70-214107-11,1.2.840.113654.2.70.1.35575538046037086089323418506957236794
raw_data/epiq7-Epiq7-1-3/1.2.840.113654.2.70.1.21639342938788997239824764084821426420,1,epiq7,0.9788247346878052,PASS,Excellent quality,epiq7-Epiq7-1-3,1.2.840.113654.2.70.1.21639342938788997239824764084821426420
raw_data/epiq7-Epiq7-1-3/1.2.840.113654.2.70.1.146877712965889160299556818414025355240,1,epiq7,0.9788247346878052,PASS,Excellent quality,epiq7-Epiq7-1-3,1.2.840.113654.2.70.1.146877712965889160299556818414025355240
raw_data/epiq7-Epiq7-2-8/1.2.840.113654.2.70.1.198354836214584860359333874680645442673,1,epiq7,0.9999992847442627,PASS,Excellent quality,epiq7-Epiq7-2-8,1.2.840.113654.2.70.1.198354836214584860359333874680645442673
raw_data/affiniti70g-Affiniti_70G-8/1.2.840.113654.2.70.1.158143043025708306582839043010093286721,1,affiniti70g,0.999998927116394,PASS,Excellent quality,affiniti70g-Affiniti_70G-8,1.2.840.113654.2.70.1.158143043025708306582839043010093286721
raw_data/epiq7-Epiq7-1-3/1.2.840.113654.2.70.1.331326667259229356890364019451291485267,1,epiq7,0.9788247346878052,PASS,Excellent quality,epiq7-Epiq7-1-3,1.2.840.113654.2.70.1.331326667259229356890364019451291485267
raw_data/vivide95-VIVIDE95-022578-7/1.2.840.113654.2.70.1.298097480530212945729903753156153777386,1,vivide95,1.0,PASS,Excellent quality,vivide95-VIVIDE95-022578-7,1.2.840.113654.2.70.1.298097480530212945729903753156153777386
raw_data/epiq7-Epiq7-1-3/1.2.840.113654.2.70.1.25707763329533130484873946641763402753,1,epiq7,0.9788247346878052,PASS,Excellent quality,epiq7-Epiq7-1-3,1.2.840.113654.2.70.1.25707763329533130484873946641763402753
raw_data/vivids60-VIVIDS60-221208-16/1.2.840.113654.2.70.1.310337405675917836928227329119428558065,1,vivids60,0.9999997615814209,PASS,Excellent quality,vivids60-VIVIDS60-221208-16,1.2.840.113654.2.70.1.310337405675917836928227329119428558065
raw_data/vivide95-VIVIDE95-022578-10/1.2.840.113654.2.70.1.141610807150316006900086659602969364605,1,vivide95,0.9989868998527527,PASS,Excellent quality,vivide95-VIVIDE95-022578-10,1.2.840.113654.2.70.1.141610807150316006900086659602969364605
raw_data/epiq7-Epiq7-1-3/1.2.840.113654.2.70.1.125518562970300586196796949603891289600,1,epiq7,0.9788247346878052,PASS,Excellent quality,epiq7-Epiq7-1-3,1.2.840.113654.2.70.1.125518562970300586196796949603891289600
raw_data/vivide95-VIVIDE95-022578-16/1.2.840.113654.2.70.1.153298679931098526178721760637232939994,1,vivide95,1.0,PASS,Excellent quality,vivide95-VIVIDE95-022578-16,1.2.840.113654.2.70.1.153298679931098526178721760637232939994
raw_data/vivids60-VIVIDS60-221208-11/1.2.840.113654.2.70.1.62385139696856097539222644479496867770,1,vivids60,1.0,PASS,Excellent quality,vivids60-VIVIDS60-221208-11,1.2.840.113654.2.70.1.62385139696856097539222644479496867770
raw_data/vivide95-VIVIDE95-022578-4/1.2.840.113654.2.70.1.159804678850843062438676766260646331499,1,vivide95,0.9989868998527527,PASS,Excellent quality,vivide95-VIVIDE95-022578-4,1.2.840.113654.2.70.1.159804678850843062438676766260646331499
raw_data/epiq7-Epiq7-1-3/1.2.840.113654.2.70.1.201840776111359971879148027826511112739,1,epiq7,0.9788247346878052,PASS,Excellent quality,epiq7-Epiq7-1-3,1.2.840.113654.2.70.1.201840776111359971879148027826511112739
raw_data/vivide95-VIVIDE95-022578-9/1.2.840.113654.2.70.1.64773112553348870602909821826881821106,1,vivide95,0.9999938011169434,PASS,Excellent quality,vivide95-VIVIDE95-022578-9,1.2.840.113654.2.70.1.64773112553348870602909821826881821106
raw_data/vivide95-VIVIDE95-022578-15/1.2.840.113654.2.70.1.297469730241498691194727454372271450687,1,vivide95,0.9999990463256836,PASS,Excellent quality,vivide95-VIVIDE95-022578-15,1.2.840.113654.2.70.1.297469730241498691194727454372271450687
raw_data/vivide95-VIVIDE95-022578-5/1.2.840.113654.2.70.1.98732538000298983178840348900548367714,1,vivide95,0.9999898672103882,PASS,Excellent quality,vivide95-VIVIDE95-022578-5,1.2.840.113654.2.70.1.98732538000298983178840348900548367714
raw_data/vivide95-VIVIDE95-022578-3/1.2.840.113654.2.70.1.107674708538549028957433000661990151621,1,vivide95,0.9989868998527527,PASS,Excellent quality,vivide95-VIVIDE95-022578-3,1.2.840.113654.2.70.1.107674708538549028957433000661990151621
raw_data/affiniti50g-Affiniti_50G-10/1.2.840.113654.2.70.1.82195904689950871759747645490757535565,1,affiniti50g,0.9989868998527527,PASS,Excellent quality,affiniti50g-Affiniti_50G-10,1.2.840.113654.2.70.1.82195904689950871759747645490757535565
raw_data/epiq7-Epiq7-1-3/1.2.840.113654.2.70.1.119888326190286732270051808019149621927,1,epiq7,0.9788247346878052,PASS,Excellent quality,epiq7-Epiq7-1-3,1.2.840.113654.2.70.1.119888326190286732270051808019149621927
raw_data/vivide95-VIVIDE95-022578-14/1.2.840.113654.2.70.1.69117817515756450342329633749265519343,1,vivide95,0.9989868998527527,PASS,Excellent quality,vivide95-VIVIDE95-022578-14,1.2.840.113654.2.70.1.69117817515756450342329633749265519343
raw_data/affiniti70g-Affiniti_70G-5/1.2.840.113654.2.70.1.245946575765595480219432112436762602744,1,affiniti70g,1.0,PASS,Excellent quality,affiniti70g-Affiniti_70G-5,1.2.840.113654.2.70.1.245946575765595480219432112436762602744
raw_data/epiq7-Epiq7-1-4/1.2.840.113654.2.70.1.73343732361205221747763308956954451351,1,epiq7,0.9999796152114868,PASS,Excellent quality,epiq7-Epiq7-1-4,1.2.840.113654.2.70.1.73343732361205221747763308956954451351
raw_data/affiniti70g-Affiniti_70G-14/1.2.840.113654.2.70.1.216403617774412249976423757221838096813,1,affiniti70g,0.9999270439147949,PASS,Excellent quality,affiniti70g-Affiniti_70G-14,1.2.840.113654.2.70.1.216403617774412249976423757221838096813
raw_data/vivide95-VIVIDE95-022578-9/1.2.840.113654.2.70.1.84710888001014302898154749408496200033,1,vivide95,0.9989868998527527,PASS,Excellent quality,vivide95-VIVIDE95-022578-9,1.2.840.113654.2.70.1.84710888001014302898154749408496200033
raw_data/affiniti70g-Affiniti_70G-10/1.2.840.113654.2.70.1.36691827318361780031167238513347019380,1,affiniti70g,0.9989868998527527,PASS,Excellent quality,affiniti70g-Affiniti_70G-10,1.2.840.113654.2.70.1.36691827318361780031167238513347019380
raw_data/affiniti50g-Affiniti_50G-2/1.2.840.113654.2.70.1.152891112423318298316533586520370416827,1,affiniti50g,0.9989868998527527,PASS,Excellent quality,affiniti50g-Affiniti_50G-2,1.2.840.113654.2.70.1.152891112423318298316533586520370416827
raw_data/vivids70-VIVIDS70-214107-8/1.2.840.113654.2.70.1.196956030950505594514740366935973318033,1,vivids70,0.9999761581420898,PASS,Excellent quality,vivids70-VIVIDS70-214107-8,1.2.840.113654.2.70.1.196956030950505594514740366935973318033
raw_data/epiq7-Epiq7-1-3/1.2.840.113654.2.70.1.287712339514221632752717542458262641861,1,epiq7,0.9788247346878052,PASS,Excellent quality,epiq7-Epiq7-1-3,1.2.840.113654.2.70.1.287712339514221632752717542458262641861
raw_data/epiq7-Epiq7-1-3/1.2.840.113654.2.70.1.331354423015042739571266463520436022334,1,epiq7,0.9788247346878052,PASS,Excellent quality,epiq7-Epiq7-1-3,1.2.840.113654.2.70.1.331354423015042739571266463520436022334
raw_data/epiq7-Epiq7-2-14/1.2.840.113654.2.70.1.249766026846182849771892112663531751936,1,epiq7,0.9996566772460938,PASS,Excellent quality,epiq7-Epiq7-2-14,1.2.840.113654.2.70.1.249766026846182849771892112663531751936
raw_data/vivide95-VIVIDE95-022578-13/1.2.840.113654.2.70.1.266880033914673643197533193101685963672,1,vivide95,1.0,PASS,Excellent quality,vivide95-VIVIDE95-022578-13,1.2.840.113654.2.70.1.266880033914673643197533193101685963672
raw_data/vivide95-VIVIDE95-022578-5/1.2.840.113654.2.70.1.322106458639487967749246564993874898993,1,vivide95,1.0,PASS,Excellent quality,vivide95-VIVIDE95-022578-5,1.2.840.113654.2.70.1.322106458639487967749246564993874898993
raw_data/affiniti70g-Affiniti_70G-15/1.2.840.113654.2.70.1.213489802073750612245402489594183206753,1,affiniti70g,1.0,PASS,Excellent quality,affiniti70g-Affiniti_70G-15,1.2.840.113654.2.70.1.213489802073750612245402489594183206753
raw_data/epiq7-Epiq7-1-3/1.2.840.113654.2.70.1.225852774253045510724711874594444694943,1,epiq7,0.9788247346878052,PASS,Excellent quality,epiq7-Epiq7-1-3,1.2.840.113654.2.70.1.225852774253045510724711874594444694943
raw_data/epiq7-Epiq7-1-3/1.2.840.113654.2.70.1.29417014378378041992638862210929894882,1,epiq7,0.9788247346878052,PASS,Excellent quality,epiq7-Epiq7-1-3,1.2.840.113654.2.70.1.29417014378378041992638862210929894882
raw_data/vivide95-VIVIDE95-022578-7/1.2.840.113654.2.70.1.247661312181954108632311910600581370868,1,vivide95,0.9989868998527527,PASS,Excellent quality,vivide95-VIVIDE95-022578-7,1.2.840.113654.2.70.1.247661312181954108632311910600581370868
raw_data/vivids70-VIVIDS70-214107-13/1.2.840.113654.2.70.1.32700571077463825326555769912249311873,1,vivids70,0.9999438524246216,PASS,Excellent quality,vivids70-VIVIDS70-214107-13,1.2.840.113654.2.70.1.32700571077463825326555769912249311873
raw_data/vivide95-VIVIDE95-022578-7/1.2.840.113654.2.70.1.269964585046011561490050901418579357184,1,vivide95,0.9989868998527527,PASS,Excellent quality,vivide95-VIVIDE95-022578-7,1.2.840.113654.2.70.1.269964585046011561490050901418579357184
raw_data/vivide95-VIVIDE95-022578-4/1.2.840.113654.2.70.1.196072976017659036784143960910572498312,1,vivide95,0.9999781847000122,PASS,Excellent quality,vivide95-VIVIDE95-022578-4,1.2.840.113654.2.70.1.196072976017659036784143960910572498312
raw_data/affiniti50g-Affiniti_50G-10/1.2.840.113654.2.70.1.179514835269613885429466315521384990848,1,affiniti50g,0.9989868998527527,PASS,Excellent quality,affiniti50g-Affiniti_50G-10,1.2.840.113654.2.70.1.179514835269613885429466315521384990848
raw_data/epiq7-Epiq7-1-3/1.2.840.113654.2.70.1.256974555012460970794268833045651768314,1,epiq7,0.9788247346878052,PASS,Excellent quality,epiq7-Epiq7-1-3,1.2.840.113654.2.70.1.256974555012460970794268833045651768314
raw_data/epiq7-Epiq7-2-15/1.2.840.113654.2.70.1.283845968282577224264096629398828578528,1,epiq7,0.9999430179595947,PASS,Excellent quality,epiq7-Epiq7-2-15,1.2.840.113654.2.70.1.283845968282577224264096629398828578528
raw_data/epiq7-Epiq7-1-3/1.2.840.113654.2.70.1.136855754399454365064805190913892721654,1,epiq7,0.9788247346878052,PASS,Excellent quality,epiq7-Epiq7-1-3,1.2.840.113654.2.70.1.136855754399454365064805190913892721654
raw_data/vivids70-VIVIDS70-214107-2/1.2.840.113654.2.70.1.160856084670867750494407983177409703148,1,vivids70,0.99998939037323,PASS,Excellent quality,vivids70-VIVIDS70-214107-2,1.2.840.113654.2.70.1.160856084670867750494407983177409703148
raw_data/epiq7-Epiq7-1-4/1.2.840.113654.2.70.1.72870198122314221233560173342591205525,1,epiq7,0.9999964237213135,PASS,Excellent quality,epiq7-Epiq7-1-4,1.2.840.113654.2.70.1.72870198122314221233560173342591205525
raw_data/epiq7-Epiq7-1-3/1.2.840.113654.2.70.1.81356298371965899425661209658070609298,1,epiq7,0.9788247346878052,PASS,Excellent quality,epiq7-Epiq7-1-3,1.2.840.113654.2.70.1.81356298371965899425661209658070609298
raw_data/vivids60-VIVIDS60-221208-14/1.2.840.113654.2.70.1.280059139973205439192527897077505208427,1,vivids60,0.9999998807907104,PASS,Excellent quality,vivids60-VIVIDS60-221208-14,1.2.840.113654.2.70.1.280059139973205439192527897077505208427
raw_data/vivide95-VIVIDE95-022578-9/1.2.840.113654.2.70.1.299346745483612055501228733758069062727,1,vivide95,0.9989868998527527,PASS,Excellent quality,vivide95-VIVIDE95-022578-9,1.2.840.113654.2.70.1.299346745483612055501228733758069062727
raw_data/epiq7-Epiq7-2-9/1.2.840.113654.2.70.1.73236170218930920213401721522782458307,1,epiq7,0.9999997615814209,PASS,Excellent quality,epiq7-Epiq7-2-9,1.2.840.113654.2.70.1.73236170218930920213401721522782458307
raw_data/vivide95-VIVIDE95-022578-14/1.2.840.113654.2.70.1.244307181401578760372107338918126898240,1,vivide95,0.9989868998527527,PASS,Excellent quality,vivide95-VIVIDE95-022578-14,1.2.840.113654.2.70.1.244307181401578760372107338918126898240
raw_data/vivide95-VIVIDE95-022578-10/1.2.840.113654.2.70.1.215746520086981984350610209004045961807,1,vivide95,0.9989868998527527,PASS,Excellent quality,vivide95-VIVIDE95-022578-10,1.2.840.113654.2.70.1.215746520086981984350610209004045961807
raw_data/epiq7-Epiq7-1-3/1.2.840.113654.2.70.1.332048752433889766268383209490841218546,1,epiq7,0.9788247346878052,PASS,Excellent quality,epiq7-Epiq7-1-3,1.2.840.113654.2.70.1.332048752433889766268383209490841218546
raw_data/epiq7-Epiq7-1-3/1.2.840.113654.2.70.1.208240638562137654507067519266420615930,1,epiq7,0.9788247346878052,PASS,Excellent quality,epiq7-Epiq7-1-3,1.2.840.113654.2.70.1.208240638562137654507067519266420615930
raw_data/epiq7-Epiq7-1-6/1.2.840.113654.2.70.1.106288395049814472491484435350452171935,1,epiq7,0.999920129776001,PASS,Excellent quality,epiq7-Epiq7-1-6,1.2.840.113654.2.70.1.106288395049814472491484435350452171935
raw_data/affiniti50g-Affiniti_50G-7/1.2.840.113654.2.70.1.61650690009851674208976379230550799694,1,affiniti50g,0.9989868998527527,PASS,Excellent quality,affiniti50g-Affiniti_50G-7,1.2.840.113654.2.70.1.61650690009851674208976379230550799694
raw_data/vivids60-VIVIDS60-221208-13/1.2.840.113654.2.70.1.126960477539860013234327097190949135026,1,vivids60,1.0,PASS,Excellent quality,vivids60-VIVIDS60-221208-13,1.2.840.113654.2.70.1.126960477539860013234327097190949135026
raw_data/vivide95-VIVIDE95-022578-13/1.2.840.113654.2.70.1.314334001518466778978920995102910114026,1,vivide95,0.9999998807907104,PASS,Excellent quality,vivide95-VIVIDE95-022578-13,1.2.840.113654.2.70.1.314334001518466778978920995102910114026
raw_data/vivids70-VIVIDS70-214107-13/1.2.840.113654.2.70.1.154445155738332711540369457363890894845,1,vivids70,0.9989868998527527,PASS,Excellent quality,vivids70-VIVIDS70-214107-13,1.2.840.113654.2.70.1.154445155738332711540369457363890894845
raw_data/epiq7-Epiq7-1-3/1.2.840.113654.2.70.1.200015633118463937426542500524805779063,1,epiq7,0.9788247346878052,PASS,Excellent quality,epiq7-Epiq7-1-3,1.2.840.113654.2.70.1.200015633118463937426542500524805779063
raw_data/vivids70-VIVIDS70-214107-9/1.2.840.113654.2.70.1.190607089690307928557934335932499296734,0,vivids70,0.0008319696644321084,FAIL,"Critical issues - may include artifacts, improper view, or technical errors",vivids70-VIVIDS70-214107-9,1.2.840.113654.2.70.1.190607089690307928557934335932499296734
raw_data/epiq7-Epiq7-1-5/1.2.840.113654.2.70.1.320089193021122999357028864312884449941,0,epiq7,0.00242284475825727,FAIL,"Critical issues - may include artifacts, improper view, or technical errors",epiq7-Epiq7-1-5,1.2.840.113654.2.70.1.320089193021122999357028864312884449941
raw_data/vivide95-VIVIDE95-022578-10/1.2.840.113654.2.70.1.248062528116664464598366569212592221276,0,vivide95,0.003790015121921897,FAIL,"Critical issues - may include artifacts, improper view, or technical errors",vivide95-VIVIDE95-022578-10,1.2.840.113654.2.70.1.248062528116664464598366569212592221276
raw_data/vivide95-VIVIDE95-022578-14/1.2.840.113654.2.70.1.208173516120793026588260656668818685135,0,vivide95,3.505640052026138e-05,FAIL,"Critical issues - may include artifacts, improper view, or technical errors",vivide95-VIVIDE95-022578-14,1.2.840.113654.2.70.1.208173516120793026588260656668818685135
raw_data/vivids70-VIVIDS70-214107-12/1.2.840.113654.2.70.1.329068142641729321983399448327283438240,0,vivids70,0.00019975539180450141,FAIL,"Critical issues - may include artifacts, improper view, or technical errors",vivids70-VIVIDS70-214107-12,1.2.840.113654.2.70.1.329068142641729321983399448327283438240
raw_data/affiniti70g-Affiniti_70G-13/1.2.840.113654.2.70.1.196694708790108587609324476048144651004,0,affiniti70g,0.03932969272136688,FAIL,"Critical issues - may include artifacts, improper view, or technical errors",affiniti70g-Affiniti_70G-13,1.2.840.113654.2.70.1.196694708790108587609324476048144651004
raw_data/vivids60-VIVIDS60-221208-17/1.2.840.113654.2.70.1.268293462571956352897960240685163330985,0,vivids60,0.0015305010601878166,FAIL,"Critical issues - may include artifacts, improper view, or technical errors",vivids60-VIVIDS60-221208-17,1.2.840.113654.2.70.1.268293462571956352897960240685163330985
raw_data/affiniti50g-Affiniti_50G-15/1.2.840.113654.2.70.1.217594692622746054676038082792319929865,0,affiniti50g,0.05543316528201103,FAIL,"Critical issues - may include artifacts, improper view, or technical errors",affiniti50g-Affiniti_50G-15,1.2.840.113654.2.70.1.217594692622746054676038082792319929865
raw_data/vivids70-VIVIDS70-214107-8/1.2.840.113654.2.70.1.279869842873048961039554706000609414996,0,vivids70,0.001482809311710298,FAIL,"Critical issues - may include artifacts, improper view, or technical errors",vivids70-VIVIDS70-214107-8,1.2.840.113654.2.70.1.279869842873048961039554706000609414996
raw_data/vivids70-VIVIDS70-214107-17/1.2.840.113654.2.70.1.116148788685449215515128490468034630846,0,vivids70,0.0018142071785405278,FAIL,"Critical issues - may include artifacts, improper view, or technical errors",vivids70-VIVIDS70-214107-17,1.2.840.113654.2.70.1.116148788685449215515128490468034630846
raw_data/vivids60-VIVIDS60-221208-8/1.2.840.113654.2.70.1.159779664804613927453131636404229620496,0,vivids60,0.09654016047716141,FAIL,"Critical issues - may include artifacts, improper view, or technical errors",vivids60-VIVIDS60-221208-8,1.2.840.113654.2.70.1.159779664804613927453131636404229620496
raw_data/vivids70-VIVIDS70-214107-1/1.2.840.113654.2.70.1.48251231733466171873452032097555013614,0,vivids70,3.162224675179459e-05,FAIL,"Critical issues - may include artifacts, improper view, or technical errors",vivids70-VIVIDS70-214107-1,1.2.840.113654.2.70.1.48251231733466171873452032097555013614
raw_data/vivids60-VIVIDS60-221208-1/1.2.840.113654.2.70.1.197515130223823168225341622615692372584,0,vivids60,0.00019043529755435884,FAIL,"Critical issues - may include artifacts, improper view, or technical errors",vivids60-VIVIDS60-221208-1,1.2.840.113654.2.70.1.197515130223823168225341622615692372584
raw_data/affiniti50g-Affiniti_50G-4/1.2.840.113654.2.70.1.171882422003989192565158311576105139403,0,affiniti50g,0.0014393876772373915,FAIL,"Critical issues - may include artifacts, improper view, or technical errors",affiniti50g-Affiniti_50G-4,1.2.840.113654.2.70.1.171882422003989192565158311576105139403
raw_data/vivide95-VIVIDE95-022578-6/1.2.840.113654.2.70.1.319409588656647487173454655178641737640,0,vivide95,0.002893539145588875,FAIL,"Critical issues - may include artifacts, improper view, or technical errors",vivide95-VIVIDE95-022578-6,1.2.840.113654.2.70.1.319409588656647487173454655178641737640
raw_data/vivids70-VIVIDS70-214107-6/1.2.840.113654.2.70.1.64273497424210145901838849682063069409,0,vivids70,0.0043486617505550385,FAIL,"Critical issues - may include artifacts, improper view, or technical errors",vivids70-VIVIDS70-214107-6,1.2.840.113654.2.70.1.64273497424210145901838849682063069409
raw_data/affiniti70g-Affiniti_70G-17/1.2.840.113654.2.70.1.200906701450180173003413508578063854356,0,affiniti70g,0.0027799494564533234,FAIL,"Critical issues - may include artifacts, improper view, or technical errors",affiniti70g-Affiniti_70G-17,1.2.840.113654.2.70.1.200906701450180173003413508578063854356
raw_data/vivids70-VIVIDS70-214107-11/1.2.840.113654.2.70.1.123807566625784808125824815354995416209,0,vivids70,0.04657909274101257,FAIL,"Critical issues - may include artifacts, improper view, or technical errors",vivids70-VIVIDS70-214107-11,1.2.840.113654.2.70.1.123807566625784808125824815354995416209
raw_data/vivids70-VIVIDS70-214107-11/1.2.840.113654.2.70.1.13963806636373203009245779919719101705,0,vivids70,0.00010186890722252429,FAIL,"Critical issues - may include artifacts, improper view, or technical errors",vivids70-VIVIDS70-214107-11,1.2.840.113654.2.70.1.13963806636373203009245779919719101705
raw_data/vivide95-VIVIDE95-022578-1/1.2.840.113654.2.70.1.234182747097538787061253873343640466199,0,vivide95,0.001133130630478263,FAIL,"Critical issues - may include artifacts, improper view, or technical errors",vivide95-VIVIDE95-022578-1,1.2.840.113654.2.70.1.234182747097538787061253873343640466199
raw_data/vivide95-VIVIDE95-022578-3/1.2.840.113654.2.70.1.240571085655714545391107677681153544930,0,vivide95,0.00042429144377820194,FAIL,"Critical issues - may include artifacts, improper view, or technical errors",vivide95-VIVIDE95-022578-3,1.2.840.113654.2.70.1.240571085655714545391107677681153544930
raw_data/vivids70-VIVIDS70-214107-6/1.2.840.113654.2.70.1.24629126534707137222754593012255959885,0,vivids70,0.0333043672144413,FAIL,"Critical issues - may include artifacts, improper view, or technical errors",vivids70-VIVIDS70-214107-6,1.2.840.113654.2.70.1.24629126534707137222754593012255959885
raw_data/affiniti70g-Affiniti_70G-7/1.2.840.113654.2.70.1.339564129865116459720882823898846646605,0,affiniti70g,0.0003006917249877006,FAIL,"Critical issues - may include artifacts, improper view, or technical errors",affiniti70g-Affiniti_70G-7,1.2.840.113654.2.70.1.339564129865116459720882823898846646605
raw_data/vivids70-VIVIDS70-214107-12/1.2.840.113654.2.70.1.11579700272275742331136141013186525701,0,vivids70,0.05586890131235123,FAIL,"Critical issues - may include artifacts, improper view, or technical errors",vivids70-VIVIDS70-214107-12,1.2.840.113654.2.70.1.11579700272275742331136141013186525701
raw_data/affiniti50g-Affiniti_50G-2/1.2.840.113654.2.70.1.56545920436091875064636889475350342025,0,affiniti50g,0.0601467601954937,FAIL,"Critical issues - may include artifacts, improper view, or technical errors",affiniti50g-Affiniti_50G-2,1.2.840.113654.2.70.1.56545920436091875064636889475350342025
raw_data/vivids60-VIVIDS60-221208-11/1.2.840.113654.2.70.1.183970175845037487220403847238967213655,0,vivids60,0.0007999032968655229,FAIL,"Critical issues - may include artifacts, improper view, or technical errors",vivids60-VIVIDS60-221208-11,1.2.840.113654.2.70.1.183970175845037487220403847238967213655
raw_data/vivide95-VIVIDE95-022578-10/1.2.840.113654.2.70.1.196839212080537330000072163821901199621,0,vivide95,0.02260499820113182,FAIL,"Critical issues - may include artifacts, improper view, or technical errors",vivide95-VIVIDE95-022578-10,1.2.840.113654.2.70.1.196839212080537330000072163821901199621
raw_data/affiniti70g-Affiniti_70G-12/1.2.840.113654.2.70.1.78377762732667523125795414496632030459,0,affiniti70g,0.006485516205430031,FAIL,"Critical issues - may include artifacts, improper view, or technical errors",affiniti70g-Affiniti_70G-12,1.2.840.113654.2.70.1.78377762732667523125795414496632030459
raw_data/vivide95-VIVIDE95-022578-2/1.2.840.113654.2.70.1.254454413495151731062413354457224110934,0,vivide95,0.00011722523049684241,FAIL,"Critical issues - may include artifacts, improper view, or technical errors",vivide95-VIVIDE95-022578-2,1.2.840.113654.2.70.1.254454413495151731062413354457224110934
raw_data/epiq7-Epiq7-1-5/1.2.840.113654.2.70.1.335320346661883723262385034538231307051,0,epiq7,0.002878963714465499,FAIL,"Critical issues - may include artifacts, improper view, or technical errors",epiq7-Epiq7-1-5,1.2.840.113654.2.70.1.335320346661883723262385034538231307051
raw_data/vivids70-VIVIDS70-214107-14/1.2.840.113654.2.70.1.327194693328626511198445112773249129359,0,vivids70,0.000150629595736973,FAIL,"Critical issues - may include artifacts, improper view, or technical errors",vivids70-VIVIDS70-214107-14,1.2.840.113654.2.70.1.327194693328626511198445112773249129359
raw_data/vivide95-VIVIDE95-022578-7/1.2.840.113654.2.70.1.77914783834000209881812998157060329019,0,vivide95,0.007829033769667149,FAIL,"Critical issues - may include artifacts, improper view, or technical errors",vivide95-VIVIDE95-022578-7,1.2.840.113654.2.70.1.77914783834000209881812998157060329019
raw_data/vivids60-VIVIDS60-221208-16/1.2.840.113654.2.70.1.313513349072021874137033644048940486522,0,vivids60,0.0026472769677639008,FAIL,"Critical issues - may include artifacts, improper view, or technical errors",vivids60-VIVIDS60-221208-16,1.2.840.113654.2.70.1.313513349072021874137033644048940486522
raw_data/vivids70-VIVIDS70-214107-9/1.2.840.113654.2.70.1.262717964031389325011917020770625959435,0,vivids70,0.0008150633657351136,FAIL,"Critical issues - may include artifacts, improper view, or technical errors",vivids70-VIVIDS70-214107-9,1.2.840.113654.2.70.1.262717964031389325011917020770625959435
raw_data/affiniti70g-Affiniti_70G-17/1.2.840.113654.2.70.1.123364399386801558616283347784200960307,0,affiniti70g,0.004646542947739363,FAIL,"Critical issues - may include artifacts, improper view, or technical errors",affiniti70g-Affiniti_70G-17,1.2.840.113654.2.70.1.123364399386801558616283347784200960307
raw_data/affiniti70g-Affiniti_70G-17/1.2.840.113654.2.70.1.282663989902245780082634751793711006817,0,affiniti70g,0.021746279671788216,FAIL,"Critical issues - may include artifacts, improper view, or technical errors",affiniti70g-Affiniti_70G-17,1.2.840.113654.2.70.1.282663989902245780082634751793711006817
raw_data/vivids70-VIVIDS70-214107-5/1.2.840.113654.2.70.1.73786529669890463548961460164199013837,0,vivids70,0.05348584055900574,FAIL,"Critical issues - may include artifacts, improper view, or technical errors",vivids70-VIVIDS70-214107-5,1.2.840.113654.2.70.1.73786529669890463548961460164199013837
raw_data/epiq7-Epiq7-2-10/1.2.840.113654.2.70.1.28677714192932679650434852901540104894,0,epiq7,0.011806893162429333,FAIL,"Critical issues - may include artifacts, improper view, or technical errors",epiq7-Epiq7-2-10,1.2.840.113654.2.70.1.28677714192932679650434852901540104894
raw_data/epiq7-Epiq7-2-13/1.2.840.113654.2.70.1.179179095015000041086974560665744273569,0,epiq7,0.033139199018478394,FAIL,"Critical issues - may include artifacts, improper view, or technical errors",epiq7-Epiq7-2-13,1.2.840.113654.2.70.1.179179095015000041086974560665744273569
raw_data/vivide95-VIVIDE95-022578-4/1.2.840.113654.2.70.1.218866396375521606680562847942333202127,0,vivide95,0.0014976527309045196,FAIL,"Critical issues - may include artifacts, improper view, or technical errors",vivide95-VIVIDE95-022578-4,1.2.840.113654.2.70.1.218866396375521606680562847942333202127
raw_data/epiq7-Epiq7-1-1/1.2.840.113654.2.70.1.140420275656250433836318219411250296891,0,epiq7,0.02685185708105564,FAIL,"Critical issues - may include artifacts, improper view, or technical errors",epiq7-Epiq7-1-1,1.2.840.113654.2.70.1.140420275656250433836318219411250296891
raw_data/vivide95-VIVIDE95-022578-9/1.2.840.113654.2.70.1.262784990915609518746299520260165346543,0,vivide95,0.003949602600187063,FAIL,"Critical issues - may include artifacts, improper view, or technical errors",vivide95-VIVIDE95-022578-9,1.2.840.113654.2.70.1.262784990915609518746299520260165346543
raw_data/vivids60-VIVIDS60-221208-6/1.2.840.113654.2.70.1.120443159413680388390674867543301671047,0,vivids60,0.00012198436888866127,FAIL,"Critical issues - may include artifacts, improper view, or technical errors",vivids60-VIVIDS60-221208-6,1.2.840.113654.2.70.1.120443159413680388390674867543301671047
raw_data/epiq7-Epiq7-1-2/1.2.840.113654.2.70.1.146203236186639376325591082556651564896,0,epiq7,0.005857447627931833,FAIL,"Critical issues - may include artifacts, improper view, or technical errors",epiq7-Epiq7-1-2,1.2.840.113654.2.70.1.146203236186639376325591082556651564896
raw_data/vivide95-VIVIDE95-022578-8/1.2.840.113654.2.70.1.320895745573127945507194364587133345829,0,vivide95,0.009862528182566166,FAIL,"Critical issues - may include artifacts, improper view, or technical errors",vivide95-VIVIDE95-022578-8,1.2.840.113654.2.70.1.320895745573127945507194364587133345829
raw_data/vivids60-VIVIDS60-221208-1/1.2.840.113654.2.70.1.205227892270255778387851533009567326759,0,vivids60,2.2178694052854553e-05,FAIL,"Critical issues - may include artifacts, improper view, or technical errors",vivids60-VIVIDS60-221208-1,1.2.840.113654.2.70.1.205227892270255778387851533009567326759
raw_data/vivids70-VIVIDS70-214107-3/1.2.840.113654.2.70.1.238363201002373363771121546012740110811,0,vivids70,0.03604719042778015,FAIL,"Critical issues - may include artifacts, improper view, or technical errors",vivids70-VIVIDS70-214107-3,1.2.840.113654.2.70.1.238363201002373363771121546012740110811
raw_data/affiniti70g-Affiniti_70G-14/1.2.840.113654.2.70.1.106742748674516158806581343573940434701,0,affiniti70g,0.014901435934007168,FAIL,"Critical issues - may include artifacts, improper view, or technical errors",affiniti70g-Affiniti_70G-14,1.2.840.113654.2.70.1.106742748674516158806581343573940434701
raw_data/vivids70-VIVIDS70-214107-11/1.2.840.113654.2.70.1.236411814287454262090991433676333050160,0,vivids70,0.00026649716892279685,FAIL,"Critical issues - may include artifacts, improper view, or technical errors",vivids70-VIVIDS70-214107-11,1.2.840.113654.2.70.1.236411814287454262090991433676333050160
raw_data/vivide95-VIVIDE95-022578-6/1.2.840.113654.2.70.1.228476029428150503122415559559005310772,0,vivide95,0.012967022135853767,FAIL,"Critical issues - may include artifacts, improper view, or technical errors",vivide95-VIVIDE95-022578-6,1.2.840.113654.2.70.1.228476029428150503122415559559005310772
